{
  "ARKK": {
    "Daily": {
      "fast": 7,
      "slow": 18,
      "return": 1.607313592069758
    },
    "8-Hour": {
      "fast": 19,
      "slow": 28,
      "return": 2.207188273310909
    },
    "4-Hour": {
      "fast": 11,
      "slow": 23,
      "return": 2.073716475804073
    }
  },
  "IBIT": {
    "Daily": {
      "fast": 5,
      "slow": 18,
      "return": 2.011041593364705
    },
    "8-Hour": {
      "fast": 7,
      "slow": 28,
      "return": 2.1420644959522637
    },
    "4-Hour": {
      "fast": 19,
      "slow": 53,
      "return": 1.8208314622755155
    }
  },
  "NUGT": {
    "Daily": {
      "fast": 5,
      "slow": 28,
      "return": 3.9480375164506394
    },
    "8-Hour": {
      "fast": 9,
      "slow": 58,
      "return": 4.267334226476374
    },
    "4-Hour": {
      "fast": 7,
      "slow": 58,
      "return": 3.3647466413325207
    }
  },
  "QTUM": {
    "Daily": {
      "fast": 5,
      "slow": 48,
      "return": 1.8604948259539995
    },
    "8-Hour": {
      "fast": 7,
      "slow": 23,
      "return": 2.3901327612272962
    },
    "4-Hour": {
      "fast": 9,
      "slow": 33,
      "return": 1.770958043578908
    }
  },
  "SOXL": {
    "Daily": {
      "fast": 5,
      "slow": 18,
      "return": 2.8236733922128567
    },
    "8-Hour": {
      "fast": 5,
      "slow": 53,
      "return": 2.9530365338885907
    },
    "4-Hour": {
      "fast": 17,
      "slow": 53,
      "return": 1.5481561852734302
    }
  },
  "SSO": {
    "Daily": {
      "fast": 5,
      "slow": 18,
      "return": 1.6657720176314825
    },
    "8-Hour": {
      "fast": 5,
      "slow": 18,
      "return": 1.9952519794667674
    },
    "4-Hour": {
      "fast": 5,
      "slow": 18,
      "return": 1.3744880257830296
    }
  },
  "SVXY": {
    "Daily": {
      "fast": 19,
      "slow": 53,
      "return": 1.5328971269705118
    },
    "8-Hour": {
      "fast": 11,
      "slow": 18,
      "return": 1.4966733571628164
    },
    "4-Hour": {
      "fast": 19,
      "slow": 53,
      "return": 1.1246092949942368
    }
  },
  "TSLL": {
    "Daily": {
      "fast": 7,
      "slow": 18,
      "return": 1.7221196257708653
    },
    "8-Hour": {
      "fast": 17,
      "slow": 18,
      "return": 2.7667191699251816
    },
    "4-Hour": {
      "fast": 19,
      "slow": 23,
      "return": 3.368277353339609
    }
  },
  "NVDL": {
    "Daily": {
      "fast": 9,
      "slow": 58,
      "return": 17.13169900162671
    },
    "8-Hour": {
      "fast": 15,
      "slow": 23,
      "return": 3.182073866479215
    },
    "4-Hour": {
      "fast": 13,
      "slow": 18,
      "return": 0.9678132215601031
    }
  },
  "TQQQ": {
    "Daily": {
      "fast": 13,
      "slow": 58,
      "return": 2.2887367933978244
    },
    "8-Hour": {
      "fast": 15,
      "slow": 23,
      "return": 2.813540350021112
    },
    "4-Hour": {
      "fast": 15,
      "slow": 23,
      "return": 1.5882526956995129
    }
  },
  "FAZ": {
    "Daily": {
      "fast": 9,
      "slow": 18,
      "return": 0.49627020777298875
    },
    "8-Hour": {
      "fast": 19,
      "slow": 48,
      "return": 0.7335201343075359
    },
    "4-Hour": {
      "fast": 19,
      "slow": 28,
      "return": 0.902169246792419
    }
  },
  "LABU": {
    "Daily": {
      "fast": 7,
      "slow": 18,
      "return": 1.5770653734038138
    },
    "8-Hour": {
      "fast": 15,
      "slow": 33,
      "return": 2.5067507718373885
    },
    "4-Hour": {
      "fast": 11,
      "slow": 58,
      "return": 1.5588065788266796
    }
  },
  "FAS": {
    "Daily": {
      "fast": 17,
      "slow": 23,
      "return": 1.1590547311255959
    },
    "8-Hour": {
      "fast": 17,
      "slow": 18,
      "return": 2.1657546880145926
    },
    "4-Hour": {
      "fast": 7,
      "slow": 38,
      "return": 1.0598572577377512
    }
  },
  "TNA": {
    "Daily": {
      "fast": 5,
      "slow": 18,
      "return": 0.9850912029525055
    },
    "8-Hour": {
      "fast": 5,
      "slow": 18,
      "return": 1.65314911145273
    },
    "4-Hour": {
      "fast": 15,
      "slow": 23,
      "return": 1.824690758745157
    }
  },
  "UDOW": {
    "Daily": {
      "fast": 13,
      "slow": 23,
      "return": 1.10685528030222
    },
    "8-Hour": {
      "fast": 5,
      "slow": 18,
      "return": 1.785785105657229
    },
    "4-Hour": {
      "fast": 13,
      "slow": 18,
      "return": 1.3895924841607326
    }
  },
  "VXX": {
    "Daily": {
      "fast": 19,
      "slow": 58,
      "return": 0.5131367263303337
    },
    "8-Hour": {
      "fast": 11,
      "slow": 18,
      "return": 0.699809152515591
    },
    "4-Hour": {
      "fast": 19,
      "slow": 58,
      "return": 1.0057164008990296
    }
  },
  "SQQQ": {
    "Daily": {
      "fast": 5,
      "slow": 53,
      "return": 0.7419155014942983
    },
    "8-Hour": {
      "fast": 11,
      "slow": 18,
      "return": 0.7208544110593252
    },
    "4-Hour": {
      "fast": 13,
      "slow": 58,
      "return": 1.0040688575899843
    }
  },
  "UVXY": {
    "Daily": {
      "fast": 15,
      "slow": 58,
      "return": 0.3711175286341244
    },
    "8-Hour": {
      "fast": 19,
      "slow": 28,
      "return": 0.5686151492938056
    },
    "4-Hour": {
      "fast": 19,
      "slow": 58,
      "return": 0.9499121265377856
    }
  },
  "SPXL": {
    "Daily": {
      "fast": 7,
      "slow": 58,
      "return": 1.8133927870435447
    },
    "8-Hour": {
      "fast": 5,
      "slow": 18,
      "return": 2.8931557566726402
    },
    "4-Hour": {
      "fast": 5,
      "slow": 18,
      "return": 1.635526410630788
    }
  },
  "SPXS": {
    "Daily": {
      "fast": 7,
      "slow": 48,
      "return": 0.6183676923211946
    },
    "8-Hour": {
      "fast": 19,
      "slow": 58,
      "return": 0.8380703514711852
    },
    "4-Hour": {
      "fast": 5,
      "slow": 23,
      "return": 1.0755265668114993
    }
  }
}